'SPINK1','TGFBR2','FGFR2','MLH1','BCL2','VHL','EGFR','KDR','HAVCR2','CTLA4','CDKN2A','KRAS','TGFB1','ITGA2','CMPK1','APC','ACTR2','ERBB2','PDCD1','PFN1','GPC3','TACSTD2','CDH17','MYC','CCND1','TP53','COPS5','CEACAM5'
11.749,11.599,7.636,9.7364,7.5703,9.9661,8.5696,8.0315,5.9944,5.0523,4.5562,10.895,7.4089,12.255,12.896,8.9465,13.4,11.434,2.7293,13.468,12.593,7.2116,14.114,11.724,11.775,11.581,10.308,17.248
11.055,12.1,9.1549,8.6976,7.2313,8.6911,9.5419,7.939,8.1046,5.9673,8.3717,8.6976,11.699,10.017,9.8231,6.9117,10.272,12.91,7.0803,15.799,8.9794,8.4038,12.971,12.363,11.853,11.32,9.6926,15.52
8.4553,8.9687,0,0,4.7004,7.4594,7.6511,8.2336,4.7004,5.6724,11.317,7.2384,9.8154,6.6582,8.1085,4.7004,9.9672,11.883,5.6724,16.136,5.6724,7.4594,10.753,11.784,12.02,8.5546,9.0389,13.796
11.606,11.827,9.594,8.7919,9.1426,9.7177,9.6892,8.0935,6.9697,4.5414,6.0845,10.867,10.461,11.268,13.048,9.2128,13.197,12.718,4.8063,13.699,8.4822,11.049,13.979,11.719,12.549,11.685,9.9077,15.975
8.4879,11.747,7.039,9.2304,7.096,10.02,9.6372,7.3195,7.8472,5.2493,6.507,10.31,10.267,10.753,11.546,8.2827,12.614,12.228,4.8688,13.848,5.4372,8.7527,14.676,13.696,12.315,11.427,10.972,16.116
9.8101,11.73,9.6123,8.2075,5.8414,8.5613,9.862,7.958,8.3801,5.2244,10.761,9.9706,11.798,11.353,12.091,8.4003,12.05,12.425,5.9274,14.43,4.3891,13.11,13.148,12.536,12.167,8.4003,10.11,16.419
11.354,11.472,9.3708,10.413,6.8255,9.7623,9.2248,8.1695,7.9715,5.0391,5.8168,9.2044,8.7273,9.7706,11.181,8.2904,11.547,11.682,2.593,15.124,9.2166,7.6243,13.609,12.396,10.319,9.456,11.13,17.511
9.1798,12.067,7.2088,7.1319,7.4359,9.5485,12.966,8.3756,7.624,5.083,9.814,9.8087,10.314,10.427,11.462,8.5377,12.07,11.796,5.2166,13.897,5.2166,4.8284,12.884,12.802,12.079,9.003,10.633,14.143
7.5304,11.788,10.254,8.8205,8.5546,9.8756,6.5312,11.217,7.0677,6.653,6.6915,9.5387,10.139,10.303,12.731,8.5441,12.219,12.497,5.0708,12.904,6.7041,9.0911,11.076,11.743,13.926,8.5855,10.055,15.275
12.687,11.257,6.2181,8.9523,6.2452,9.4889,8.9929,7.1522,8.0885,5.948,5.2904,10.313,9.3238,10.165,12.727,7.5825,12.911,11.209,5.735,14.05,7.4721,8.4738,13.738,12.267,11.399,11.184,10.564,16.816
13.41,11.09,6.2405,9.3419,5.6463,9.5145,8.2166,8.2727,6.9394,5.3316,5.4003,9.8329,9.3244,11.08,12.245,7.945,12.701,11.64,3.6759,14.243,7.1732,5.0186,13.548,12.243,11.79,11.463,10.65,16.101
9.5008,11.016,7.7355,9.0222,7.5728,9.7748,7.9385,7.9496,8.5473,6.2622,8.23,10.851,9.549,10.621,13.245,8.4877,13.043,11.215,6.1123,14.445,8.0663,9.1237,12.827,12.596,12.033,10.537,10.265,16.287
11.866,11.153,6.7509,8.9615,6.0062,9.951,9.108,8.4134,7.2747,6.0338,3.4496,9.9672,9.6506,11.461,11.213,8.539,12.235,17.43,4.2935,13.385,5.9781,4.1993,13.085,11.861,11.872,8.9579,9.7516,15.239
10.759,11.702,8.9492,8.8035,7.9343,9.1909,8.7223,6.8818,4.918,7.0236,6.1628,9.9725,9.3742,10.497,12.867,8.5125,12.288,13.035,5.4473,14.531,4.7322,9.1939,14.636,11.536,12.458,11.177,9.9864,16.676
10.343,10.054,8.5351,7.1928,6.494,9.9655,8.775,7.7542,6.9437,3.9683,5.1862,10.146,10.974,10.111,12.048,8.6667,12.237,12.142,4.5969,14.375,8.6882,6.7113,14.025,11.939,12.179,11.621,10.155,15.358
13.052,11.089,7.6669,8.9558,6.7504,9.3192,8.6232,7.7733,6.8921,5.192,6.2584,9.0374,10.526,9.9479,11.243,6.9189,11.344,12.643,5.192,15.108,6.7799,7.8448,12.892,12.229,11.923,11.455,9.7647,15.972
9.2923,11.574,5.202,8.5094,5.2531,10.011,9.6233,7.347,5.037,2.6565,8.1937,9.5842,9.1412,10.192,12.05,8.8242,11.593,11.827,3.3623,14.189,8.245,7.718,13.198,13.565,11.834,9.4968,10.526,17.154
8.0538,11.948,9.5224,8.8171,6.4329,9.9904,8.9527,8.4974,8.5042,5.1704,8.9576,9.514,10.811,10.313,12.229,8.521,12.243,12.244,4.4822,13.771,5.6591,9.8771,14.406,12.274,11.862,10.945,10.505,15.589
9.6,9.3774,10.062,8.7969,8.4733,9.9583,8.1286,8.0637,7.4773,5.4129,7.6643,10.992,8.9029,10.143,12.578,8.8019,11.955,12.474,3.559,14.094,5.8194,3.559,12.324,13.089,12.775,12.128,10.074,13.221
9.2192,10.656,8.6531,7.4247,6.5334,9.4584,8.8917,7.9715,7.932,5.6335,6.7909,10.181,12.054,11.019,11.842,8.7699,12.233,12.651,6.5157,14.535,5.6335,9.2835,12.919,12.349,12.585,11.445,9.8642,15.567
9.9949,11.109,6.2259,9.6526,5.9433,9.3734,7.7662,7.3073,7.2625,4.5851,6.4015,8.9997,10.697,9.8735,11.781,7.5871,12.064,12.063,5.5547,14.533,5.6962,12.424,13.577,12.193,11.023,9.4453,10.484,16.555
10.757,11.537,6.1238,9.6405,6.0772,10.011,8.4427,8.2251,7.0902,4.6018,6.655,9.4386,9.1792,10.768,12.645,8.4057,13.006,11.339,4.4636,14.299,9.6994,8.7296,13.543,11.757,11.196,11.348,9.8577,16.181
11.453,11.778,7.5951,9.4226,6.412,10.328,8.4985,7.58,6.7168,4.2504,7.951,9.9641,9.267,10.783,12.622,8.7474,12.441,10.963,3.9093,14.006,7.4204,8.9304,14.087,12.674,12.101,8.3645,10.706,16.338
12.223,12.151,8.0818,9.3961,6.4075,10.153,8.7626,8.2875,6.3933,4.9102,5.8861,10.012,9.2948,10.991,12.757,9.0635,12.555,12.442,3.6585,13.581,5.8861,6.2273,13.642,12.65,12.127,11.156,10.312,16.203
11.318,12.721,10.063,9.5535,6.7625,10.305,8.6006,8.1417,7.1247,4.6981,7.5327,10.525,9.1782,11.097,13.427,8.7027,12.968,12.696,3.5017,13.017,4.2534,4.3171,13.789,12.213,12.498,10.503,10.191,16.541
12.068,10.926,4.4302,10.312,6.1596,9.2709,7.2503,7.5842,7.9694,5.7512,5.4457,9.3247,9.5162,10.835,12.555,7.4693,12.057,11.423,4.853,15.244,9.1752,9.3181,12.835,12.149,11.09,11.195,10.881,15.432
14.729,10.156,9.1169,8.2679,7.8163,8.6764,7.6843,6.4651,4.9598,3.0926,5.8637,8.9987,8.2749,8.459,12.087,5.2724,11.565,11.99,4.4649,15.18,6.4651,11.058,13.032,12.646,11.701,11.958,11.255,16.304
7.8565,9.7302,8.2283,6.6582,7.7278,9.6237,8.1745,7.5532,8.7504,6.1113,6.8491,9.778,11.488,9.9861,11.759,8.6355,12.335,12.396,7.439,14.8,4.5222,11.326,13.758,11.967,11.715,11.681,10.068,16.187
12.837,10.971,7.8596,8.9887,6.223,9.1097,6.7835,7.7274,7.1502,5.798,6.4071,11.239,9.3729,11.255,12.877,8.3997,12.784,11.58,4.0222,14.783,6.8658,10.891,13.994,11.997,11.319,11.723,10.954,16.265
10.451,11.185,8.5931,9.701,7.7649,9.3795,7.9226,8.5244,7.8939,7.3335,6.665,10.677,10.777,10.67,12.63,8.7656,12.961,11.566,5.205,14.731,5.2956,8.1278,13.041,12.149,12.294,11.608,10.358,14.853
10.488,11.208,7.3268,9.0637,6.416,9.6289,8.3327,7.9087,8.1093,5.2031,7.5918,8.8705,11.118,10.241,11.579,6.7617,11.348,11.973,5.0605,14.659,7.1502,11.255,12.717,12.433,11.884,11.432,10.308,15.833
11.122,10.989,8.2248,8.9258,6.5352,9.2596,8.6671,8.7339,7.5202,4.2041,8.7057,8.7525,10.898,10.269,11.23,8.051,11.839,12.279,4.6354,15.265,6.2866,9.0829,13.09,12.644,11.862,12.767,10.14,17.274
11.012,11.332,6.5437,9.1437,5.5084,9.5195,7.7548,7.7476,5.8445,4.8694,6.7759,9.7498,9.3207,10.093,12.106,8.582,12.542,12.625,6.9758,13.935,11.477,11.928,14.374,11.886,11.833,11.349,10.882,15.697
13.43,10.817,5.9991,9.0165,7.5139,8.9017,8.8035,8.0555,8.0051,6.3073,6.4313,9.8645,10.363,11.349,11.779,8.1769,12.671,12.001,5.976,14.656,5.3792,5.8291,13.501,12.758,12.436,9.3928,10.207,17.272
10.118,10.901,9.6305,9.0343,6.0992,9.4578,8.8141,8.1859,6.883,5.0596,5.2155,8.865,10.31,9.1763,12.141,7.7099,12.042,12.164,4.7382,13.879,4.5163,7.5211,13.677,14.369,12.101,9.599,10.75,16.076
12.747,10.981,6.3047,8.447,4.9198,9.4978,7.7195,7.1545,6.4988,4.1094,6.5746,8.8943,10.78,9.1134,10.255,6.3629,10.767,13.086,4.1094,15.014,3.6303,7.8164,13.321,11.881,11.222,12.059,10.146,16.931
11.559,11.86,9.6857,9.9992,7.05,10.271,8.9714,8.5826,7.146,4.0844,5.8393,11.138,9.7055,10.338,12.642,8.5479,13.066,11.426,3.5413,14.213,11.815,3.4439,13.281,10.844,14.141,11.7,10.382,15.496
11.22,12.55,9.3445,9.5064,6.1671,9.8763,9.4808,8.1698,5.7775,2.5754,4.2797,10.461,8.6256,12.02,12.62,8.7256,12.591,12.545,2.3928,13.068,6.4964,11.97,13.624,13.282,11.888,8.0005,10.703,16.357
10.706,10.755,10.272,6.8563,5.8325,9.9742,8.3242,7.5786,8.1923,3.8593,3.6534,9.3732,10.363,10.092,11.539,7.8858,12.041,12.333,5.7573,14.891,7.6635,4.5361,13.797,12.258,11.376,11.163,10.947,16.086
9.7568,9.9429,5.8528,6.9483,8.9428,9.6469,8.7091,8.4631,9.0827,7.1198,4.5405,9.5601,11.843,8.7769,11.82,8.6978,12.318,11.858,7.949,14.895,4.3954,2.7154,12.566,12.623,12.128,11.512,10.578,10.244
10.273,11.753,8.4337,9.2122,8.4433,9.8298,8.8041,7.9014,7.983,6.1877,6.9621,9.4979,9.612,9.9508,12.594,8.2444,12.308,12.349,5.8044,13.761,8.8436,8.6847,13.914,13.571,12.217,9.4492,10.938,16.445
11.863,10.686,8.728,9.0263,6.3646,9.8357,9.2296,7.501,5.4049,4.4823,7.308,9.0628,8.7902,9.9723,11.278,7.8235,11.795,12.031,4.986,14.849,4.5659,6.7516,13.049,12.771,12.029,12.465,9.8314,15.866
12.192,12.679,8.7262,9.0992,6.1582,9.87,8.7262,7.7752,6.2034,4.1728,4.8206,10.093,9.5098,11.531,11.226,8.4639,12.074,12.444,3.3343,13.82,5.6059,8.5538,14.376,12.509,12.876,12.2,9.8874,17.58
11.91,9.9427,7.1296,8.7042,6.4978,8.4898,8.5434,6.9089,6.2755,4.1604,6.7315,9.1089,9.6606,9.2236,11.154,6.8848,11.717,12.272,4.5753,14.508,4.4498,7.7315,12.985,12.726,11.899,11.513,10.921,16.112
11.054,11.33,6.7927,8.7644,6.7178,9.5,8.9057,8.0097,6.9316,5.16,7.8852,9.8353,10.093,10.65,10.793,8.225,11.763,12.439,4.9667,14.949,4.2432,9.557,13.556,12.611,12.55,8.8924,10.128,16.066
11.214,11.435,8.562,9.0956,7.7471,10.173,8.5186,7.7712,7.2932,5.5141,5.1221,10.121,9.399,10.794,12.89,8.9339,12.674,12.712,4.9066,13.514,5.1221,6.7936,12.95,13.041,12.343,10.565,10.598,15.44
12.38,11.12,7.9085,9.5027,7.4223,9.6571,8.719,8.5151,7.7581,5.9498,5.1974,9.7619,10.288,10.758,12.096,8.326,12.613,11.897,6.1776,14.372,6.5677,9.2157,14.028,11.815,11.678,11.213,10.145,16.665
11.506,11.466,7.2335,8.9864,6.9262,9.8121,8.7962,7.9141,5.9501,4.7427,5.1301,9.5417,8.8219,9.8545,11.768,9.091,12.362,11.931,4.7427,13.759,7.9325,10.573,12.693,13.374,12.364,11.683,10.539,16.623
12.859,11.322,6.3194,9.5865,7.0129,9.9337,8.2182,8.3108,6.6691,4.7701,5.5206,10.692,8.753,10.854,12.86,9.1617,12.65,10.785,4.6494,14.038,9.5885,8.0256,13.259,11.591,11.342,11.799,10.326,16.96
10.653,12.007,9.3746,8.7042,7.2535,10.031,9.397,8.6969,7.8253,3.5178,6.9215,9.3401,11.555,10.047,12.107,7.5231,12.552,12.627,4.7054,13.587,5.7908,8.2438,14.871,13.173,13.263,10.925,10.324,16.571
11.05,11.696,5.5765,8.8084,5.692,8.9543,9.6687,7.9103,7.7125,6.2203,7.5913,8.9103,10.48,8.5383,13.229,7.1713,11.737,11.984,4.8496,14.225,4.3841,13.5,12.113,12.803,11.562,11.275,11.429,16.077
10.104,10.89,8.229,6.4026,7.7791,9.3526,8.8277,6.8673,8.1165,5.7986,10.341,9.0007,10.936,9.5998,9.3737,6.2886,9.9249,12.581,7.1868,15.836,7.881,5.6215,11.324,12.499,12.294,11.395,9.3454,14.092
7.7344,10.317,8.1271,6.944,7.4971,10.498,8.893,8.9412,8.65,5.4054,4.1826,10.135,10.714,11.012,12.57,8.9382,12.575,11.509,5.2225,14.349,7.3353,4.8709,13.153,11.236,11.519,11.213,10.241,16.055
9.7661,10.939,9.4328,8.6993,7.8077,10.227,10.046,8.1109,6.8045,5.3191,7.2355,10.259,8.3009,10.572,12.657,9.6392,13.083,11.51,5.2066,13.342,7.7686,5.2066,13.06,12.119,11.644,11.581,10.493,15.704
12.261,11.034,7.7976,9.3494,6.36,9.0604,8.1147,8.1931,7.3317,4.5192,7.9332,9.6064,10.36,10.382,11.771,7.55,11.707,11.615,2.922,15.105,6.2809,10.539,13.467,12.532,11.055,11.836,10.848,16.27
13.241,11.216,5.0573,9.2208,6.0089,8.5008,7.6229,8.7335,8.6284,6.6479,7.1753,8.9303,10.932,9.9586,11.98,7.7247,11.588,11.985,6.4841,14.457,4.3319,9.962,13.473,13.415,11.306,11.715,11.204,15.503
6.3519,9.9626,7.6857,5.9176,8.2152,9.3921,8.7151,7.2045,9.0227,6.2945,5.3319,10.355,11.646,10.383,10.664,8.4391,11.445,11.661,7.478,14.567,3.6642,4.8906,12.669,10.925,12.86,11.901,9.8789,14.022
9.9196,11.299,6.0573,8.4425,6.2126,9.5801,9.0029,7.4622,7.1779,6.0573,6.7911,8.8889,10.333,9.8345,10.534,7.5425,10.851,12.619,6.0573,14.836,3.8949,7.4309,12.707,12.795,12.384,12.072,9.5754,16.045
3.0528,10.356,9.3932,8.9149,8.2577,9.2484,9.1199,6.7875,8.2645,6.7092,5.0492,8.8885,10.08,9.3487,9.2098,6.9325,10.634,12.807,8.0188,15.614,0,10.069,5.6618,12.344,12.443,12.691,9.286,13.955
8.0627,12.326,10.048,9.6702,6.3423,10.006,8.949,7.0559,5.4558,4.9761,9.8574,11.108,9.2828,11.196,13.18,8.487,12.641,11.293,4.2524,13.715,6.2597,11.714,14.675,11.325,11.516,10.768,10.672,16.857
9.5585,11.599,6.7932,9.2076,5.9237,10.135,9.5791,8.2966,6.0472,5.5165,6.5007,9.7297,10.359,10.201,11.61,8.6189,12.384,11.894,3.8648,14.034,5.5587,6.5847,13.282,12.173,13.127,11.94,9.8868,16.668
8.4252,10.483,8.2094,8.7129,7.0249,8.1956,8.4716,8.0655,5.6076,3.6132,7.3067,9.0166,9.6418,9.6058,10.095,8.4014,9.9552,13.236,4.8626,15.224,7.4294,10.552,12.911,12,11.339,11.459,9.3751,15.821
9.4696,10.819,5.7217,8.9824,5.4921,8.6612,8.6017,7.9479,6.3895,3.1319,5.6115,9.3574,9.7424,10.096,12.018,7.312,12.62,12.46,4.1559,14.241,3.3306,6.2975,14.244,12.682,11.421,12.151,10.478,16.38
11.742,11,6.6259,8.3526,5.3109,9.7179,8.784,5.3831,5.6981,3.7247,7.7056,8.0429,9.516,9.1631,9.895,6.4689,9.5673,12.981,4.5486,14.862,4.2728,7.573,13.125,13.39,12.142,11.549,10.275,16.183
10.878,11.543,9.1705,9.031,8.365,9.7107,8.9741,7.7711,6.9646,4.1239,6.9791,10.641,8.6772,10.772,13.173,8.9299,12.703,11.802,4.7161,14.047,9.1417,6.7777,14.063,12.337,12.046,11.336,9.9526,17.238
10.104,12.005,7.7741,9.632,7.1386,10.375,9.0456,8.421,8.3818,5.5149,5.8085,10.21,10.214,10.408,12.943,8.3769,12.586,11.814,6.0017,14.004,4.5811,7.4725,14.282,12.851,12.103,11.48,11.298,16.415
12.634,11.083,8.3048,9.1963,6.7449,9.8392,8.723,7.2602,5.879,7.8083,6.9239,9.3503,9.0106,10.228,11.6,8.7268,11.616,12.584,7.5419,14.441,8.9601,10.006,13.164,12.659,12.252,12.063,9.753,15.614
5.6634,9.9963,7.2535,7.0742,8.0757,9.9654,8.9408,7.8394,8.9959,7.3692,8.6657,9.958,11.783,9.9168,11.475,8.9632,12.485,12.371,7.2169,14.673,5.8972,4.0256,12.387,11.293,12.628,11.812,10.027,13.751
10.48,11.447,6.9825,9.1458,6.3426,9.8126,8.8441,8.6533,7.6786,5.6378,5.9335,10.334,9.6437,11.128,12.707,8.873,12.578,15.197,5.2977,13.898,8.4274,9.8265,13.822,11.727,11.588,11.341,10.719,15.728
9.457,10.04,10.269,5.8456,8.5553,10.197,8.1531,8.3999,8.0023,5.8456,3.9719,9.8974,9.8819,10.819,12.6,9.5161,12.291,11.428,3.8641,13.748,6.0316,7.6018,12.912,12.159,12.695,11.45,10.048,13.989
10.541,11.461,4.455,9.2029,5.9447,9.7852,8.4829,8.156,6.8108,5.494,6.2671,10.085,9.7689,10.494,12.133,8.2107,12.394,11.664,5.1356,14.176,5.0896,6.7082,13.735,13.041,11.763,11.989,10.257,16.622
11.718,10.706,7.1159,9.5299,7.261,9.446,8.4297,8.032,8.087,6.5478,5.8996,9.2566,9.9245,8.8644,11.954,7.5832,12.134,12.079,4.6267,14.303,5.1236,6.0789,13.681,12.652,11.12,11.5,11.323,17.046
8.0754,11.562,7.6374,9.3085,6.4451,9.782,9.3592,8.5367,7.2697,4.2546,6.372,9.7693,9.5281,9.8523,12.362,8.2931,12.707,12.45,2.9801,13.548,4.6003,8.1341,13.829,13.576,12.565,10.447,11.148,16.401
11.494,10.995,4.6003,8.4505,4.0716,8.9238,8.4809,7.0257,6.4046,3.6044,8.5143,10.266,7.9017,10.343,13.194,8.5754,12.753,11.464,3.3649,13.364,4.6546,11.882,13.306,13.158,11.496,10.995,11.652,16.48
13.455,11.451,10.074,9.6547,8.4757,9.567,9.4271,6.6996,7.6267,3.8275,4.0735,9.7351,9.6017,8.712,12.282,8.2629,11.838,12.389,3.9557,14.457,10.079,8.9539,13.954,12.128,12.275,11.832,11.141,17.175
11.695,11.243,7.71,8.5739,5.2364,10.133,8.9628,7.9041,7.3417,4.4575,5.1324,10.931,9.3811,11.478,11.94,8.4497,12.639,12.384,4.2742,13.514,3.1479,6.9866,13.94,12.854,12.627,10.772,10.226,16.996
11.347,10.171,7.6061,7.2402,7.9361,8.827,7.0154,8.9961,9.4787,7.0852,4.036,10.91,10.36,10.953,12.671,7.6061,12.803,10.606,5.5213,14.609,5.8125,4.4289,12.032,11.391,11.955,11.352,10.606,14.068
12.168,11.631,4.9375,9.0852,8.1742,10.015,8.1585,8.7031,7.4573,6.552,6.984,10.872,9.8466,10.814,12.408,8.6312,12.631,11.461,4.7825,14.353,8.9277,8.8926,12.892,12.964,12.317,11.24,10.563,16.929
11.324,10.994,6.859,8.8786,6.0513,9.2797,8.5296,8.5657,8.5775,5.0047,5.1381,10.375,10.635,9.4909,12.308,8.0519,13.079,12.064,4.1785,14.045,6.1175,7.6103,13.717,12.144,11.726,11.976,10.557,17.152
11.975,11.197,7.4363,9.4325,6.9365,9.5484,9.3974,8.0764,7.2477,5.7251,8.471,9.7886,9.293,10.186,12.787,8.7414,12.313,12.126,3.2104,13.531,3.8047,7.6031,14.248,13.349,11.19,10.87,11.622,16.76
10.346,11.898,8.2372,9.1927,8.0811,9.6223,8.653,9.2259,7.7979,4.819,8.3887,10.331,10.287,10.75,12.469,9.1866,12.672,12.305,4.2902,14.31,7.0192,10.789,13.484,11.614,12.563,11.085,10.21,16.64
9.0964,12.078,8.9951,9.0183,7.3924,9.3293,9.3855,8.5397,9.1153,5.3282,8.1045,9.8689,11.033,10.571,11.683,8.7092,11.919,12.139,4.2115,14.25,7.6876,7.8053,13.27,12.887,12.313,9.377,10.168,16.099
11.137,9.9363,8.1802,8.7314,7.9075,9.9268,9.5549,8.1696,7.5135,5.8675,3.4011,10.53,9.7115,10.805,12.236,8.3958,12.629,12.188,5.2146,14.182,5.3334,3.889,13.422,12.584,12.557,11.737,10.014,16.616
14.174,11.246,8.6712,9.3123,7.7982,9.8401,8.4303,8.2156,8.3828,5.8934,6.0251,9.8286,9.868,10.906,13.008,8.4745,12.51,12.025,4.9175,13.512,6.3171,8.2195,12.938,13.236,11.49,11.083,10.969,15.656
8.9504,10.246,7.7544,7.2488,7.9157,10.36,7.1001,8.5364,9.2057,6.4283,3.2498,10.967,6.9343,10.367,12.785,9.1689,12.953,9.2212,0,13.338,7.3651,3.9906,12.889,11.564,10.415,11.264,11.113,12.85
10.731,11.104,7.7235,8.066,5.677,9.2164,8.7464,6.9158,5.3734,3.4207,7.1638,7.8402,8.4332,8.9404,9.0936,6.0024,10.399,13.214,3.6237,14.531,7.1475,7.243,13.102,12.133,11.46,11.774,9.9995,16.717
9.1489,10.433,6.6582,9.3698,8.2336,9.2166,9.1256,8.1743,7.7559,7.891,6.9332,9.5439,9.3228,10.345,11.48,8.4238,12.04,11.628,5.1015,13.996,5.945,7.8536,12.392,11.94,12.034,11.921,10.148,12.941
11.825,11.647,8.8687,8.6801,7.487,9.7839,8.3656,8.7855,6.7245,5.5493,5.1445,10.341,9.5706,10.851,13.222,9.1768,12.924,12.381,3.199,13.562,7.0964,10.278,14.244,12.407,11.664,10.834,10.838,16.99
12.684,11.047,7.8786,9.4553,6.8847,9.4407,8.3087,7.5613,7.7826,5.6581,7.0144,10.359,11.058,9.739,11.753,8.0697,12.836,11.93,5.184,14.348,9.2361,11.807,13.964,11.745,11.133,11.428,10.59,16.894
12.8,10.354,9.483,9.0596,5.9466,8.2708,8.2468,5.9982,4.8056,2.458,6.3948,8.6312,8.1619,9.4323,11.587,4.2462,10.95,12.419,1.6992,15.117,5.7796,8.3325,13.617,12.946,11.112,11.427,10.502,15.731
13.535,11.355,5.9093,9.0012,6.1201,9.9638,8.4495,8.1291,6.8684,5.1568,6.1364,10.087,9.238,10.994,13.055,8.0498,12.637,12.202,4.7124,13.526,9.2511,8.3297,13.593,13.094,12.263,11.173,10.652,16.522
6.0161,9.9583,9.9363,6.4837,7.1647,9.6312,8.7489,7.276,9.0089,5.2205,5.8039,9.985,10.607,10.32,13.164,8.5452,12.722,11.527,6.3803,14.109,4.2249,4.155,13.027,10.376,12.174,11.57,10.834,15.34
10.72,11.446,7.3331,8.0803,6.9026,8.6217,8.2505,6.5461,7.2184,5.1251,6.4729,7.9693,10.143,8.7717,8.9929,5.7795,10.056,12.972,6.0039,15.777,6.0381,8.4288,12.403,12.477,12.1,12.415,9.8077,13.562
11.149,11.635,6.9661,9.0417,6.0518,9.8248,8.7579,8.1856,7.0649,5.1428,6.8601,9.3806,10.091,10.208,11.68,8.1911,11.827,12.887,4.4621,13.608,4.7263,8.2181,14.072,13.536,11.876,11.411,10.485,16.033
10.804,12.746,6.9057,9.4002,5.4395,9.7311,9.4483,8.2578,6.1877,5.3115,6.57,10.223,9.2112,11.714,12.225,7.7094,12.073,12.391,4.2805,13.757,7.6773,12.247,13.243,13.553,12.547,11.554,10.951,17.132
7.7939,10.215,8.23,6.5459,6.5935,9.0125,9.8215,7.1813,8.8506,7.3008,11.426,9.7129,13.104,11.419,9.6096,7.6661,10.477,11.559,6.5699,16.292,5.7198,6.8502,10.541,10.782,12.841,10.986,10.397,13.075
12.764,11.707,6.6718,9.4542,7.2569,9.799,9.3904,8.5413,6.89,4.9626,4.3767,10.717,10.44,11.579,11.843,8.782,13.025,12.34,3.9608,13.458,8.4194,8.9248,14.525,12.913,12.773,11.381,10.498,15.084
11.24,11.182,7.6811,9.1874,6.189,9.9899,8.323,7.7607,7.4387,6.2302,7.2709,10.421,8.8059,10.281,13.105,8.833,12.947,11.835,4.5374,13.959,3.8833,7.3665,14.068,13.075,12.587,9.1395,10.54,16.927
8.3412,9.8546,8.8561,6.3434,7.8077,9.9306,8.1885,8.138,7.6988,5.8739,4.558,10.08,9.9509,11.168,11.928,8.7383,12.17,12.253,5.9343,14.474,9.3639,6.4712,12.58,12.472,12.009,12.233,9.9744,13.834
8.8526,9.9843,6.1072,8.1471,6.7264,10.207,8.0783,7.6949,9.2443,7.1821,8.1471,11.067,11.193,10.954,12.449,8.7038,12.732,11.104,7.0841,14.496,4.1446,9.8713,11.664,13.317,12.296,11.475,10.028,14.566
11.329,10.014,7.859,9.0576,3.1989,8.0823,7.1019,7.021,6.372,3.9373,10.204,8.2468,9.3967,7.669,10.823,5.8649,10.073,11.856,3.1989,15.287,3.1989,9.8858,13.304,13.835,11.693,10.968,11.264,15.607
12.733,12.169,6.8554,8.7714,6.047,9.4574,9.7651,7.25,6.6328,4.3048,8.1531,9.8971,10.766,10.531,11.404,7.8283,12.131,13.333,4.1339,14.375,6.2698,11.072,13.819,13.614,13.856,10.447,11.13,15.658
12.024,11.51,6.9213,9.0429,6.7233,9.8294,8.7654,7.373,7.7236,5.8579,6.3545,9.4586,10.381,10.478,12.256,8.3866,12.02,12.804,5.9332,14.071,4.5728,4.1359,13.994,11.741,11.046,11.432,9.9202,17.374
11.88,11.528,7.7347,9.4501,7.6278,9.665,9.2015,8.0925,7.5191,5.6435,5.2218,10.343,10.523,10.847,12.711,8.7737,12.69,12.132,5.3468,14.358,6.9181,6.701,13.425,12.977,11.946,11.885,10.049,17.075
10.734,10.728,7.7678,8.4307,5.0533,9.2792,9.4355,6.6822,5.494,4.0227,5.5473,10.609,9.2231,10.579,11.517,8.8088,12.195,12.171,3.4815,14.402,4.6281,6.3032,14.257,12.899,12.531,11.063,10.505,16.486
11.161,11.665,9.1123,9.2183,6.7941,9.6603,8.4464,9.3025,9.1354,6.906,7.0241,10.614,10.99,10.114,11.977,8.1989,12.822,11.273,5.3449,14.217,6.2321,12.097,13.718,12.456,11.614,9.3986,10.572,15.14
10.889,11.038,7.5589,8.7758,6.4637,9.8747,9.1704,8.4052,6.7458,6.7592,11.523,9.5022,11.102,8.3217,11.102,8.3397,12.266,17.808,5.6767,13.757,7.4137,11.092,13.484,12.548,13.316,11.593,10.418,14.892
4.9266,11.567,7.3398,9.0039,7.484,9.6009,9.7942,7.7457,7.6488,4.8512,7.1326,9.3774,10.311,8.8671,10.891,8.011,11.876,12.332,4.5028,15.095,6.5287,5.9395,12.674,13.284,12.288,8.1114,9.273,15.368
11.413,11.2,7.0794,8.9092,7.3917,9.9406,8.2595,8.2224,6.0268,5.3465,8.852,10.238,8.6614,10.74,12,8.954,12.385,12.469,4.2102,13.499,10.116,8.1823,13.835,13.012,12.575,10.99,10.474,16.751
12.889,11.114,8.7017,9.0154,5.5423,9.5874,9.0096,8.3712,5.6601,4.4474,6.447,9.6421,9.7205,10.872,12.168,9.0723,12.206,12.899,4.4474,14.123,5.5727,7.4713,13.701,12.532,11.836,11.926,10.25,16.51
10.29,10.397,7.5606,8.4011,4.2522,9.1948,9.8998,7.0727,3.949,3.7046,5.5833,9.8893,7.5043,11.072,11.881,9.1219,12.621,12.624,2.5398,14.481,7.6147,4.0573,13.53,12.479,11.573,11.279,10.269,16.757
11.943,10.908,4.2952,9.1889,7.6688,10.013,10.322,8.4819,5.3921,4.1001,4.6918,9.4849,8.5263,10.635,12.31,8.5552,12.219,12.64,3.2773,13.29,4.201,3.6065,13.18,13.169,11.905,10.794,10.808,16.873
11.36,11.112,7.785,9.3926,6.7504,9.8274,8.5531,8.0254,8.6151,5.5614,6.9189,10.073,10.539,10.875,12.25,8.5787,12.839,12.001,5.0444,13.288,5.8102,8.1207,13.592,13.068,11.508,10.748,10.305,16.737
12.576,11.693,7.2861,9.7485,8.5313,9.4415,8.7639,8.5623,9.2244,6.5221,5.5652,10.361,10.613,11.486,12.018,8.1564,13.074,11.52,5.859,13.875,9.0141,6.1936,13.309,12.402,12.128,8.5589,10.104,16.737
12.076,11.711,7.032,8.9636,5.694,9.6508,8.7664,7.4669,5.2773,4.8746,8.6901,9.027,9.4752,10.394,10.613,8.1515,12.141,12.93,6.1185,14.545,6.5944,11.345,12.654,12.028,13.333,12.329,9.6966,14.227
10.799,10.817,6.2479,9.0526,7.0056,9.4325,8.4136,8.3376,8.6079,6.1327,7.5962,9.9171,10.296,10.799,12.322,8.7403,12.984,11.878,6.0804,14.021,4.5546,8.6594,13.626,12.786,12.601,8.8872,10.851,16.352
12.031,10.619,8.2805,9.1051,6.9519,9.2181,8.177,8.3162,6.7315,3.6663,7.5101,9.3532,10.688,10.041,11.461,6.9745,11.867,11.907,4.3571,14.47,4.9184,7.876,12.952,12.73,11.985,9.531,10.219,16.561
7.5861,11.514,7.093,9.567,7.3792,9.3124,8.768,7.7385,8.2654,3.7906,9.3881,10.456,10.177,10.452,12.822,8.6351,12.82,11.19,4.8841,14.155,5.5438,7.9363,14.016,12.323,11.677,9.1039,10.387,15.421
9.2458,11.732,2.5198,9.5468,7.3186,9.9261,8.5734,8.2312,8.8165,6.7956,7.6767,9.5829,10.656,10.281,12.083,8.7585,12.547,11.947,6.4692,13.5,8.7022,11.816,13.835,12.158,12.161,8.6003,11.141,13.043
12.076,11.459,9.8602,9.2242,5.9737,9.6718,9.3578,7.5195,6.5451,3.9548,7.5314,10.684,9.3375,10.464,13.26,8.6477,12.71,12.578,4.1536,14.311,5.5721,8.9864,13.026,11.838,12.632,11.496,9.9228,17.678
5.2419,10.451,4.0695,9.9021,7.9563,9.6978,10.164,7.5574,2.6469,0,3.065,8.7603,12.862,10.365,10.946,9.1745,11.976,9.0425,1.0375,14.642,7.2028,8.3074,3.3887,11.074,13.707,9.6359,10.3,6.8415
9.5746,11.68,6.7432,9.4242,7.6448,9.7388,8.8572,8.6993,8.0659,4.6479,7.5966,10.449,10.163,9.4265,12.415,9.0152,12.706,11.505,4.0283,14.074,4.6479,8.4825,13.244,11.51,11.986,11.3,10.41,15.927
11.464,10.751,8.4332,7.3983,7.3261,9.3515,9.374,9.0493,9.0853,6.1489,5.5319,9.7327,11.432,11.539,12.714,9.1856,12.299,12.03,7.5485,14.647,8.5916,10.577,9.2058,11.528,12.68,11.97,10.062,14.851
12.945,10.638,8.5714,9.1709,7.3822,9.3785,8.1734,8.148,6.0786,5.5306,5.4079,10.334,9.4986,11.184,11.831,8.6411,12.084,11.868,4.6363,14.672,7.2093,9.4134,13.873,13.096,12.18,11.225,10.392,17.028
10.386,11.606,7.0046,9.3889,5.1518,9.6879,8.2498,7.9367,6.6013,2.9027,3.5604,9.7759,9.0991,11.459,12.761,9.0323,12.757,12.028,2.4111,13.701,5.014,7.8449,13.771,12.003,12.258,8.8004,10.481,17.253
9.3264,10.568,8.8078,10.015,7.7686,9.9565,7.7059,8.1728,7.408,4.9824,5.9808,11.039,9.297,10.357,13.383,7.7809,12.988,11.481,3.6007,14.386,8.4542,6.4778,13.444,12.182,12.194,11.804,10.647,14.91
9.8377,11.247,5.7993,9.1557,8.4212,9.8269,9.0046,9.002,7.7797,5.0543,6.0956,10.255,10.174,10.511,11.947,8.7892,12.918,11.51,5.0543,14.333,3.875,6.8241,14,12.924,12.138,12.486,10.33,17.063
9.3892,9.8959,7.4349,6.8281,6.9914,8.9722,9.2436,7.95,8.0342,5.8251,10.367,10.78,9.9937,10.738,12.06,8.7204,12.435,11.715,5.2528,14.817,5.105,4.462,12.126,12.241,13.271,11.647,10.137,15.441
9.4968,11.666,5.7592,9.3634,8.2552,10.057,8.7761,8.2226,8.3821,5.4689,6.5725,10.905,9.3568,11.025,13.161,9.7557,13.222,12.061,4.3747,13.204,6.1158,11.184,14.059,11.998,12.034,8.6534,10.609,17.102
11.439,11.511,8.8137,8.1635,7.5288,9.3533,8.4687,8.1635,6.9478,4.4201,8.1635,9.2115,10.259,10.844,12.486,9.2603,12.526,11.691,4.4201,14.491,6.3686,9.7451,12.516,12.511,11.966,12.126,10.107,16.803
9.2272,11.206,6.8532,9.4582,5.7149,9.4625,7.8001,8.687,7.9609,4.1558,6.1158,9.9868,10.903,8.8272,13,7.6344,12.575,11.95,2.6456,13.965,6.1158,8.222,12.792,12.457,10.381,7.8923,10.437,16.02
13.159,11.409,8.1729,9.284,7.4374,9.4918,9.6548,7.8821,6.7479,4.9372,7.0642,9.5071,10.093,10.634,12.207,8.9765,12.253,11.985,5.175,14.038,5.6235,5.5237,13.475,12.592,12.539,11.139,10.015,16.17
11.342,11.586,7.5822,9.5378,8.0734,10.326,8.5984,7.8519,7.4826,5.5482,4.4789,10.024,9.8067,10.086,12.255,7.9669,12.587,11.99,5.0422,13.805,5.0422,6.6445,13.803,12.805,11.463,9.3806,10.39,16.604
11.815,10.769,8.1018,8.5211,6.2561,9.0647,8.2106,8.5211,7.2051,6.2962,7.9466,10.266,10.733,11.024,11.949,9.4718,12.079,12.194,5.4628,14.456,8.8045,8.5463,13.127,12.344,12.174,10.667,10.512,15.355
12.912,11.502,6.6726,9.49,8.1628,10.079,8.7764,8.2393,7.6524,6.7236,6.9332,10.349,10.496,10.926,12.061,8.3368,12.777,12.191,6.493,14.193,9.3948,9.2325,13.596,12.623,12.09,11.774,9.8255,15.898
12.542,11.085,6.108,9.0339,6.3159,9.6791,9.5383,7.4524,4.7532,2.4809,3.8057,9.2664,7.6736,10.222,12.177,8.2123,12.004,12.026,3.1106,13.433,3.8824,5.7672,13.995,13.816,12.026,11.242,11.342,16.063
11.874,10.88,6.1693,8.2942,8.1043,9.4466,9.3992,7.8658,6.2931,4.3473,7.6511,9.9994,9.4665,11.182,11.837,7.3424,12.253,12.14,3.4165,13.45,5.0556,7.3135,14.079,13.539,12.217,10.696,9.6744,16.819
9.8345,10.514,6.8491,7.6931,6.5513,9.6859,8.0479,8.3872,9.4092,6.424,5.8755,10.369,11.13,10.192,11.982,8.6657,12.565,11.69,7.6852,14.559,6.2201,11.636,12.79,11.544,12.181,10.779,10.395,15.605
11.59,10.345,6.8126,7.745,6.9735,9.3285,8.8818,5.9232,4.5574,2.9319,6.6506,8.7857,8.0203,9.6665,10.468,6.0441,9.99,13.001,2.6565,14.439,3.3623,7.3933,12.753,13.903,12.146,11.604,10.659,15.899
11.575,10.874,6.8088,9.1489,6.8921,9.3782,8.7685,6.454,6.7799,3.5983,6.8649,10.541,8.71,10.707,12.715,7.9523,12.717,12.064,4.5374,13.639,1.688,7.6826,13.473,13.251,11.585,7.569,11.336,16.268
11.423,10.153,6.1843,8.1897,4.5571,8.8961,6.1006,7.2147,6.4097,4.7886,10.081,7.1744,11.225,8.1487,10.053,3.9396,9.9434,12.409,5.1633,15.223,6.0118,7.3657,11.941,12.492,11.331,11.335,10.236,15.308
7.23,10.081,9.2157,6.321,7.2851,9.821,8.3206,7.6636,8.294,6.2672,6.3728,9.8804,11.833,10.731,11.54,9.3446,12.285,11.817,5.4873,14.224,8.138,3.6663,12.401,11.194,11.771,11.594,9.6635,14.136
9.7462,10.321,8.3617,7.8681,7.9646,9.3841,8.0195,8.0981,9.7353,5.8466,6.9135,11.071,10.718,10.573,12.661,8.5845,12.869,11.37,6.9327,14.687,8.2513,8.2047,11.884,11.818,12.152,11.563,10.549,13.947
13.152,11.344,7.21,9.6574,6.6517,9.2887,8.041,8.3422,7.6768,5.0301,6.3654,9.9508,10.464,10.922,12.285,8.6491,12.485,11.626,3.9732,14.305,6.8905,9.1288,14.127,11.821,10.833,11.454,10.872,16.6
11.158,11.335,6.195,10.436,6.5037,9.1214,7.8346,7.671,9.7501,6.3473,7.3693,10.593,9.6194,8.5422,12.97,6.9194,12.643,11.671,3.1951,13.806,6.8914,9.292,13.412,12.673,11.075,10.703,12.864,15.88
13.732,11.185,8.2004,8.5546,6.4481,8.5603,8.3763,7.7199,6.5432,6.3462,7.123,7.73,10.396,8.6959,9.2658,6.0221,9.9521,12.864,4.8715,15.556,8.2992,10.678,12.951,12.72,12.353,12.037,10.057,15.841
10.976,11.131,8.2219,9.0562,7.1532,10.083,8.4574,8.8052,7.7384,5.6094,7.8288,9.5222,10.523,9.3891,12.144,8.4094,12.32,12.874,5.6709,13.945,10.692,12.565,13.17,11.245,11.702,11.142,10.417,15.851
12.518,11.134,8.0466,8.3559,5.4312,8.563,7.9516,7.0635,7.1083,4.5958,10.915,8.4283,11.207,8.8533,9.4568,6.8162,10.201,13.404,3.9774,15.898,7.988,11.401,12.64,11.907,12.027,11.724,9.4174,16.304
8.9433,10.511,8.0063,8.8912,6.8611,9.8967,8.2409,8.4994,8.3935,5.5719,6.1228,10.422,10.741,11.151,12.023,9.058,12.472,12.168,4.9119,14.584,6.7089,11.889,13.015,11.581,12.151,11.203,9.8392,15.341
9.065,9.0437,7.2769,9.4591,6.6218,8.4319,7.9895,7.0216,4.9483,3.3832,8.5516,9.244,9.718,9,11.068,6.575,10.635,12.31,3.3832,15.734,5.8082,10.38,11.366,11.696,11.494,12.092,10.583,15.403
11.696,11.891,5.9875,9.3146,6.007,9.7807,8.7888,8.7109,7.7955,6.1193,6.6913,9.6435,9.9471,10.183,12.081,7.6029,12.287,11.886,5.729,13.912,3.6176,9.4761,13.527,13.871,12.984,8.5567,11.58,15.937
12.919,10.329,8.71,8.8056,6.6264,8.866,8.4357,7.5139,5.6409,5.5781,5.7589,9.102,9.6953,10.141,11.259,7.7672,10.485,15.094,5.0854,14.851,4.8924,7.2574,12.885,13.013,11.843,12.152,10.035,16.325
9.6127,12.552,7.4189,7.2637,7.6942,9.6966,8.4684,7.391,7.9318,6.1893,6.9568,11.439,10.186,12.275,12.323,9.2771,13.213,11.459,8.8252,14.496,8.9951,3.7,12.213,10.149,13.908,11.179,10.027,14.688
11.695,11.258,6.6846,8.9124,5.6521,10.141,8.992,7.8172,5.0815,4.8815,6.6998,9.9751,7.7156,10.702,12.662,9.2422,12.397,12.465,3.7058,13.422,5.5206,8.0073,13.612,12.841,12.586,11.492,10.137,17.236
10.64,10.288,7.073,8.6003,6.5417,9.5898,9.0399,8.0172,6.0338,4.2805,6.6114,9.9606,9.9672,10.439,12.594,8.1163,12.741,12.105,2.4876,13.07,5.0556,6.9707,13.785,11.382,13.298,10.993,9.5984,15.668
11.63,11.005,6.9294,9.4091,6.8319,9.7668,8.406,8.5934,6.2364,4.4761,6.9294,9.6992,9.267,10.513,12.273,7.9777,12.01,11.973,3.1652,13.37,8.297,7.947,13.115,13.172,12.637,10.958,10.448,17.232
14.805,11.194,7.643,9.7757,7.7098,9.4178,7.8055,7.386,7.0954,3.8758,8.0563,9.7774,8.4132,10.279,13.175,5.9052,12.594,11.475,4.2395,13.744,6.8411,5.9303,14.402,12.971,11.375,8.368,11.989,16.07
11.821,10.545,4.4922,9.7096,4.8318,9.6742,7.7632,7.8921,6.6969,4.3303,7.7552,10.4,8.6267,10.557,12.473,8.0565,12.216,11.331,3.227,14.063,8.0949,6.2975,13.46,11.908,10.767,11.377,11.456,16.457
10.269,10.914,5.8193,8.9009,5.736,9.1903,9.0461,7.5667,8.0534,5.3993,11.57,9.8507,10.327,10.376,12.135,7.6826,12.758,12.097,5.5038,14.14,4.0745,10.147,12.66,13.423,12.515,8.0361,10.534,16.888
12.314,10.249,9.3245,7.2016,7.1931,9.5105,8.4023,8.4638,9.0789,7.5401,10.294,10.486,11.531,9.7883,12.168,8.7857,12.345,11.528,6.3782,14.434,6.0034,13.6,12.277,12.069,11.646,11.839,10.663,16.421
11.821,10.368,6.3243,6.9798,8.1522,9.1824,7.6819,8.5403,8.2788,6.5553,4.5612,9.9834,11.395,9.783,12.299,8.7646,12.634,11.941,5.846,14.777,6.1933,11.222,12.557,11.684,12.152,11.294,10.119,16.062
11.694,11.455,8.9103,9.0924,7.9252,9.7967,9.1663,7.8721,7.17,4.152,4.9336,10.539,8.9896,10.976,12.511,8.7429,12.532,11.637,4.8561,14.101,6.0898,6.0555,13.927,12.944,12.11,11.158,10.102,16.963
12.075,10.86,8.1739,9.1656,7.2201,10.161,8.2731,7.9156,6.185,4.6243,5.6397,10.376,9.1941,10.459,12.298,8.7066,12.669,11.972,4.0239,13.352,7.9561,6.3152,13.434,12.815,11.411,11.484,10.391,16.908
8.2443,10.429,5.2327,6.043,8.1575,9.9153,9.3529,7.9389,9.0302,6.7918,7.3979,9.924,10.085,9.917,11.069,8.8315,12.069,11.522,6.5221,14.555,5.9633,10.305,13.184,12.183,12.295,11.768,10.051,12.58
9.113,11.492,10.087,6.5581,7.5925,9.9414,8.6253,8.1943,8.0015,5.5733,7.1605,10.107,10.419,10.993,12.605,9.2455,12.698,12.148,4.3908,13.911,7.115,7.7271,13.706,11.674,12.011,11.489,10.025,14.209
5.3366,9.9661,7.3946,6.9186,6.151,8.6035,9.0003,7.1849,5.6701,4.1407,10.133,9.4473,8.1756,9.7157,12.395,7.6361,12.277,13.219,4.9437,14.745,4.6736,11.674,12.389,12.406,12.93,11.207,10.356,13.496
12.051,11.662,8.3258,8.8587,6.6477,9.8966,9.0609,7.9286,5.9887,4.7407,7.4714,9.7565,9.8799,10.617,11.67,8.0735,12.163,12.508,5.0912,14.045,5.373,5.8111,13.535,13.307,12.652,11.318,9.8855,17.055
11.926,12.314,5.5824,10.024,5.8083,10.314,7.6724,8.8002,7.0125,4.9007,4.3819,9.9431,9.0997,10.766,12.101,8.8405,13.065,11.421,4.1813,13.651,9.2505,6.8751,14.222,13.067,12.333,11.423,11.125,14.701
11.292,11.214,8.8304,9.55,8.5644,9.7682,9.0796,8.2201,7.5028,4.8598,5.904,9.4912,10.095,8.9415,11.979,6.9584,12.205,12.107,3.9087,13.909,4.7638,8.2381,12.959,13.123,10.942,11.853,10.969,16.226
8.0157,11.27,5.6853,9.2466,7.9422,9.5015,9.7569,8.5519,8.1799,5.8777,5.855,10.232,9.3577,10.424,12.753,7.8985,13.098,11.55,5.6594,13.774,5.5786,6.7223,12.451,13.804,11.785,8.2854,10.776,15.97
7.5569,10.93,6.6888,8.9864,7.6927,9.5241,8.8332,8.461,8.2051,3.9003,6.2047,11.093,9.8292,10.661,11.873,8.4986,12.98,11.425,3.1276,13.736,4.8512,9.7562,13.354,12.535,12.135,8.6056,10.89,15.147
9.9471,11.889,7.1485,9.4513,5.1894,9.7843,8.7228,7.6968,7.4966,4.9594,7.8526,9.5966,10.317,10.981,12.164,8.7413,12.304,15.161,4.4924,14.376,5.46,10.472,12.442,11.806,12.328,11.807,9.9487,15.687
11.98,11.848,8.8168,9.0536,7.6965,10.205,8.5276,7.6892,7.104,5.0339,4.0772,10.55,8.9022,11.269,12.897,8.6967,12.755,11.723,4.165,13.604,6.348,8.2569,13.826,13.094,11.851,11.733,10.359,16.614
11.906,11.412,7.5304,9.2644,6.8042,9.978,8.825,8.5556,7.4078,5.0556,5.4241,9.634,9.4883,10.821,13.497,8.8493,12.769,12.351,5.0556,13.413,5.7173,8.6819,12.595,13.717,11.929,11.062,10.947,16.612
8.8534,11.974,8.0157,9.4588,7.2453,9.4265,8.7017,8.9323,8.4778,5.0542,8.1055,9.9507,11.139,9.3273,11.762,8.5556,12.385,17.315,4.6386,13.937,6.5789,12.716,13.305,11.918,12.957,9.2431,10.67,15.141
7.8399,11.667,7.2232,9.7954,5.0196,10.548,9.0083,7.7788,6.6813,2.4294,4.4727,10.186,8.9392,11.142,12.686,8.8414,13.181,12.357,2.219,12.759,6.308,5.7453,14.447,12.299,11.732,10.816,10.714,16.778
12.429,10.999,8.1545,9.4401,8.0086,9.2875,8.8076,8.2041,7.1084,5.0608,7.915,9.865,10.374,10.001,12.028,8.321,11.838,11.84,5.1137,14.453,8.9847,8.5347,12.939,12.573,11.523,11.519,10.434,16.718
11.005,10.145,5.6297,8.8092,5.269,8.7156,7.8501,6.5919,3.757,4.187,5.6297,7.9189,10.286,8.2801,9.7166,5.5355,10.04,12.058,3.5795,15.591,6.4951,8.0861,13.148,11.468,11.331,12.578,9.5246,16.418
10.18,12.473,6.9009,9.1047,5.9129,9.9008,9.6815,7.8519,6.4034,4.8521,6.9287,10.38,9.6041,11.731,11.765,7.5727,12.616,12.458,4.7311,14.128,5.21,6.8437,14.593,12.52,12.339,12.044,10.038,17.21
4.5422,10.198,10.528,6.6753,8.8822,9.8024,10,7.0928,9.3842,6.2889,4.0389,10.217,12.101,11.311,10.596,8.921,12.086,12.33,7.6682,14.772,5.6405,7.5143,12.246,12.242,13.22,12.561,9.6304,10.2
10.239,11.347,6.9569,9.4963,5.7229,9.8861,8.3106,6.67,6.6298,5.1703,5.8683,10.409,9.2331,10.814,12.778,8.5341,12.933,10.818,2.3788,14.121,4.787,4.9264,13.612,12.552,11.696,9.3367,10.852,16.22
11.795,9.6052,5.8998,6.2169,0,8.6339,6.2169,3.9705,4.9237,3.9705,8.4645,8.1285,10.234,6.2169,8.5796,0,10.446,11.771,7.2071,15.633,3.9705,8.0508,10.985,11.657,11.215,11.207,8.2724,15.047
10.475,12.131,7.37,9.3204,6.5744,10.137,8.9348,7.5358,5.8834,4.9076,6.7138,10.298,9.1931,11.13,11.762,8.6466,12.895,12.101,3.6186,13.392,6.0329,8.2896,13.955,13.626,13.028,8.4243,11.224,16.912
10.937,12.472,7.605,9.3961,6.7801,10.06,8.8434,8.2493,6.8159,4.242,6.7059,9.8474,9.6913,10.546,12.685,8.8018,12.704,11.718,4.9045,13.554,4.6901,10.011,14.243,12.91,11.892,9.1452,10.939,15.784
12.638,11.144,7.3702,8.9736,6.8992,9.2417,8.6289,8.402,7.2562,5.235,7.2463,9.6778,10.388,10.476,11.623,7.1853,12.473,11.759,6.5897,14.425,6.1103,5.766,13.515,12.508,12.619,11.897,9.9294,17.264
10.348,10.86,7.0447,9.0186,7.1609,10.176,8.9578,8.8672,5.719,2.7085,5.3785,10.442,9.0031,11.276,12.592,8.5673,12.705,10.933,2.2299,14.032,4.975,8.809,13.205,12.393,11.283,11.463,10.359,16.135
11.247,11.976,8.6477,9.5086,7.9411,9.3372,8.7335,7.3241,7.1652,4.5612,5.7036,10.942,8.6119,11.31,13.175,8.564,13.324,11.749,4.3687,13.773,11.191,8.3932,14.046,11.558,11.688,11.117,10.769,15.972
11.173,11.156,5.8567,8.6831,5.4686,9.2985,8.7909,7.175,6.4522,5.1362,8.3317,8.2585,10.388,9.073,9.5026,5.9659,10.081,12.77,5.7988,15.423,6.2074,8.9321,12.775,13.098,11.778,11.915,10.009,16.235
11.341,10.216,5.137,8.027,6.0804,8.9955,8.647,7.3217,5.7547,3.4927,7.4113,8.9006,8.976,9.0662,10.603,3.6966,11.48,11.656,5.137,14.928,6.1858,8.8641,13.264,13.512,11.517,12.21,10.862,16.294
7.4311,9.7067,7.776,6.5739,8.1594,9.6508,8.4443,7.5087,8.6677,7.013,9.5463,9.7676,10.513,9.7049,11.959,8.3018,12.125,12.457,7.5823,14.496,7.5254,6.6519,12.131,12.951,11.734,12.048,9.4556,12.975
10.828,11.662,7.4565,9.0876,7.301,9.858,9.4601,8.2462,7.2107,5.4218,8.3609,11.72,9.5434,12.245,12.241,9.4254,12.678,11.907,5.3809,13.637,6.5221,6.8854,13.461,12.1,11.331,10.625,10.202,15.884
11.614,10.707,6.4252,8.4948,6.3682,9.3043,8.5249,7.4584,5.7627,4.3913,6.8149,8.3769,9.2928,9.3602,9.6773,4.7891,10.136,12.565,5.1689,15.392,6.5068,8.0083,12.254,13.329,11.698,9.4591,9.8329,15.555
12.023,11.809,8.2072,9.8377,7.8011,10.287,8.4592,7.5623,8.0601,5.7973,9.4218,9.6431,10.024,10.563,12.397,7.9754,12.321,12.392,5.9303,13.709,6.1823,8.2332,13.979,12.224,11.649,10.821,10.656,16.724
12.458,10.668,9.9975,9.26,6.8023,9.9932,7.9971,6.7423,6.8599,3.7138,6.2335,9.9541,8.5919,10.044,12.878,6.5457,11.931,12.573,3.7138,13.734,5.6724,13.306,13.218,11.649,9.4061,10.498,10.364,16.047
12.842,11.604,7.8889,9.6901,7.0495,10.428,8.3255,9.197,7.5653,5.956,5.5724,9.3672,9.5377,10.076,12.084,9.3785,12.697,11.779,5.4411,13.606,8.9294,5.7494,13.219,12.398,11.859,11.096,10.366,16.176
10.891,11.199,7.3181,8.9973,6.8846,9.8866,9.4185,7.2747,5.3238,4.4791,5.236,10.537,8.5277,11.369,12.415,8.6389,12.472,12.054,4.1349,14.242,6.7641,8.0558,13.809,11.833,12.05,11.944,9.7485,16.832
8.1419,10.82,8.208,8.4863,4.7808,8.6198,7.4362,7.7892,7.933,5.2259,9.8938,8.818,11.875,9.2336,9.7007,5.7094,9.9979,12.162,5.663,15.961,5.7544,10.275,11.743,11.939,10.958,9.8634,9.972,15.443
12.439,10.694,6.0062,8.997,6.6475,9.8634,7.2616,7.2631,6.4569,4.1993,6.5362,9.004,9.2821,9.5347,11.74,7.1791,11.219,11.646,3.9899,13.851,8.0978,7.9963,12.384,13.853,10.394,11.523,10.684,15.302
11.043,11.17,6.738,9.0579,6.3178,9.4338,8.9549,7.7386,6.4304,4.191,7.3282,9.7838,10.381,10.994,11.889,9.3287,12.13,11.988,2.0831,13.933,4.5644,9.7625,13.57,12.23,12.365,8.0222,10.202,16.523
9.823,10.974,8.2063,9.1845,6.7191,9.0964,7.9884,10.079,9.9141,6.37,8.249,10.302,11.457,9.8963,12.691,8.4654,12.35,10.274,4.7856,14.513,3.4389,12.875,12.751,11.576,11.465,10.551,10.803,15.796
12.08,10.973,7.2531,9.7915,6.9254,9.7498,7.9988,7.2854,8.0502,6.8121,6.3666,9.4445,9.6848,10.027,12.375,7.8918,12.105,11.958,6.1505,14.827,5.238,8.947,12.661,11.956,12.043,11.733,10.772,15.183
11.302,10.465,5.0968,8.8703,6.4174,9.8271,8.5462,7.0127,6.1925,5.4183,6.7833,9.0897,8.4327,9.5191,10.75,6.5105,12.269,13.055,5.4183,14.104,10.044,4.9714,11.352,13.682,12.745,12.2,10.063,13.85
10.519,10.841,6.4527,9.3391,6.1463,10.042,8.4345,7.6288,7.5123,4.5451,8.0189,9.5063,9.2884,9.6487,12.748,6.498,11.839,11.868,5.7191,13.929,5.4229,9.4924,13.02,13.458,12.088,11.388,10.42,15.776
9.5507,12.515,6.115,9.2292,6.7102,10.147,10.224,7.7089,7.7426,6.0267,6.7327,10.036,9.8447,10.442,12.026,8.4306,12.483,12.494,6.0267,13.424,4.0564,9.7264,9.5586,14.275,13.563,8.6534,10.932,15.201
11.84,10.724,6.2811,8.2952,6.5535,9.383,8.4532,7.5301,7.1333,6.6437,7.9628,7.7491,11.551,8.2952,9.9078,5.2995,9.8202,13.594,7.2141,15.671,6.7558,8.7321,12.355,13.612,11.831,12.403,9.2695,16.485
10.086,11.185,3.0095,7.5447,4.4697,9.2881,8.5476,7.5538,5.3143,4.3079,8.4419,7.5079,10.532,9.2384,9.6738,6.1839,9.6985,13.371,5.0837,15.047,5.7203,8.1026,12.104,13.441,13.484,11.956,9.6273,16.259
12.15,11.603,5.2993,8.927,6.8866,9.383,8.9623,9.5099,6.3406,6.1082,7.1431,9.6661,10.405,10.692,11.525,7.6714,11.854,12.814,5.3775,13.611,5.3389,10.502,13.187,13.959,12.137,11.198,10.111,16.322
11.787,10.554,5.7877,8.7744,5.7082,9.5346,9.4089,7.9458,5.1098,3.3039,5.4398,9.5403,8.9166,10.233,11.758,9.1673,12.264,12.583,2.9825,13.863,4.7356,7.2185,12.689,12.812,12.006,11.574,11.02,16.277
9.9813,11.322,7.0248,9.2835,6.9373,9.6164,9.6796,8.7856,6.1665,4.4632,5.2239,10.21,9.7523,10.647,11.415,8.3077,12.088,12.837,4.1882,14.729,4.1103,9.1268,12.152,13.525,12.489,12.152,9.8423,17.144
6.7252,11.909,6.4298,9.0707,6.4461,10.464,9.6975,7.6355,5.6145,4.0593,4.3638,9.6843,8.9184,11.236,11.422,8.0576,12.393,12.13,4.4308,14.243,4.3638,6.8772,13.647,12.009,11.941,11.7,9.8874,16.628
8.4176,11.808,5.833,9.7642,5.2232,9.0218,8.5551,7.3146,9.0026,6.2787,12.261,11.128,11.244,9.403,11.87,8.7161,12.085,11.844,5.5601,14.202,6.1043,13.92,8.8543,10.575,12.315,9.9775,11.255,11.361
10.177,11.067,7.5471,9.3247,6.8296,10.028,9.0095,6.8499,5.2496,3.9538,7.6606,10.266,7.7388,10.158,12.456,9.1186,12.406,11.953,2.0777,14.533,6.633,9.5382,12.965,12.364,12.373,12.22,10.583,16.806
11.067,10.777,8.1984,8.9419,6.2011,9.772,9.131,7.9839,6.8193,4.7458,7.3519,10.13,9.5813,10.79,12.657,9.6776,11.91,12.562,4.6781,13.403,5.5771,5.3349,14.13,11.755,11.715,11.052,10.128,15.418
6.9645,11.403,6.2698,8.8925,3.9276,9.745,8.9973,7.0332,6.3257,3.3419,7.9821,10.721,10.275,9.6999,10.71,6.8033,11.5,11.809,3.4796,14.139,3.7209,11.65,14.023,13.854,12.879,8.7466,11.074,16.005
12.923,11.313,8.4973,9.5972,7.6976,9.4548,8.5297,8.6526,8.9206,6.7988,6.5322,10.038,11.383,10.605,12.703,8.7502,12.615,11.774,5.1784,14.5,7.3996,9.1406,12.247,11.357,11.897,11.909,10.054,15.9
10.448,11.385,6.1203,8.3646,5.6107,9.2656,9.6069,7.0548,5.3151,4.0465,6.3204,9.8467,8.7324,9.4477,12.188,8.4036,12.008,13.079,3.8008,14.017,4.7481,7.1887,14.557,13.325,11.979,11.113,11.011,16.903
9.3648,11.251,5.3422,8.9751,4.2989,9.6752,8.4069,7.943,5.3422,3.2916,8.6476,10.089,8.8294,9.8674,11.123,8.6437,11.51,12.872,3.4451,13.912,7.5105,11.269,13.877,13.213,12.743,11.455,10.727,15.564
13.191,11.183,5.6433,9.7068,6.3507,10.213,8.7309,8.2864,6.7703,5.6724,6.5046,9.4824,9.47,10.69,12.63,8.4427,12.428,11.624,5.3504,14.495,9.6084,7.2769,13.472,13.28,12.866,11.527,10.083,16.628
9.9421,11.769,7.7807,9.6938,6.4685,9.8676,8.6088,8.7887,7.0853,4.4421,6.4497,9.6756,10.138,10.193,11.801,8.4324,11.881,12.141,4.0984,14.442,5.4085,7.4509,13.772,13.422,11.902,12.633,10.191,17.24
13.78,11.27,8.3674,8.8024,6.4713,9.552,8.6008,7.9817,5.7694,4.177,5.469,10.32,9.6349,11.876,11.399,8.8636,12.478,12.501,4.7657,14.491,4.3482,6.3354,14.661,12.409,12.078,11.621,10.523,17.52
12.203,11.339,6.8662,8.7519,6.1473,9.3821,9.1581,8.1565,7.4766,4.6494,8.3232,9.2599,10.958,10.886,11.55,8.5301,12.381,13.396,5.9078,14.042,3.2378,11.832,13.914,13.543,12.04,11.563,10.431,16.514
11.344,11.601,9.5358,9.1203,6.2778,10.575,9.3743,8.0505,7.0559,5.3124,6.2941,10.042,9.0973,11.27,12.328,8.7708,12.379,12.177,4.8665,13.479,4.0744,12.887,14.386,12.051,11.712,11.052,11.196,16.251
13.744,10.532,7.9941,9.5385,5.8438,9.3292,8.2387,7.9877,6.3622,4.2524,5.4924,9.5385,8.67,9.6622,12.396,7.7885,12.035,11.277,3.48,15.115,5.214,7.8391,13.155,12.328,11.446,12.333,10.456,17.063
9.8956,10.622,5.8955,8.1046,5.9744,8.4394,9.3212,7.4366,5.7685,4.7947,11.599,8.3899,10.278,9.7322,9.9281,7.0382,10.12,13.471,5.6771,15.537,6.5126,8.8003,12.858,11.613,11.454,11.972,9.2677,15.364
11.693,12.077,6.9106,9.4777,7.1461,9.6426,8.1607,7.0116,7.2782,5.6573,5.9109,9.9102,9.4816,10.904,11.985,8.141,12.36,12.334,5.6573,14.798,6.8512,8.9589,13.666,12.62,12.186,11.865,10.065,15.969
10.843,11.832,7.1794,9.3148,7.0083,10.337,9.9875,9.1259,8.0134,5.0623,7.2977,9.635,11.029,9.959,11.289,8.6659,12.886,12.392,4.9332,13.579,4.6885,7.2352,12.575,12.892,12.669,9.0885,9.686,16.39
8.2825,12.07,7.7172,9.4139,5.3773,10.275,8.72,8.03,6.7622,4.3124,7.847,9.8259,10.444,10.138,11.397,8.3383,12.288,12.682,4.3793,14.241,4.2422,10.021,13.304,13.41,12.074,8.8586,10.293,16.221
11.532,10.513,9.3114,7.9501,8.4348,10.27,8.7511,6.706,7.4818,5.6039,6.7841,10.605,10.201,10.548,12.581,8.8561,12.34,12.064,4.2037,13.894,6.0201,11.821,13.64,12.804,11.915,10.839,10.998,15.79
6.4799,10.679,5.9695,9.2159,5.22,9.3924,9.4433,7.0529,6.4993,3.7104,4.5833,8.8694,10.003,9.7268,11.829,7.98,12.245,11.695,3.2423,14.322,5.9971,6.4403,13.209,12.689,11.829,12.617,11.279,16.678
11.155,11.816,7.6032,7.8861,6.5154,8.0649,8.6907,7.0951,5.2048,3.5754,7.4443,6.8827,10.591,8.5995,9.6035,6.4906,9.5444,13.328,5.1425,15.209,7.693,8.7325,12.002,13.281,12.748,11.46,9.3615,15.98
11.47,11.177,7.8761,9.3916,7.8945,9.9845,9.1702,7.9006,6.6204,5.5292,6.0501,10.373,9.3786,10.628,11.512,9.3073,12.632,12.006,3.4647,14.229,5.9126,7.8699,13.6,12.125,11.902,11.573,9.8034,16.247
11.656,10.346,8.1844,9.4469,7.7564,9.7116,9.2871,7.1151,5.1158,3.9673,7.5577,9.7416,7.8781,10.033,12.511,8.1326,11.759,11.868,3.6682,14.494,7.591,4.6104,12.399,13.328,12.544,8.0474,9.3882,17.109
9.0836,11.57,5.4864,9.3041,6.172,10.103,9.2985,7.5244,6.6348,4.9174,6.8078,8.4215,9.5508,9.7629,11.506,7.8139,12.278,12.556,5.0075,14.251,3.7721,7.7695,13.375,13.304,12.027,9.3565,10.404,16.931
11.953,10.856,8.2291,9.2391,5.9263,9.3064,8.5896,8.3435,6.5033,2.8455,5.6874,9.8092,10.336,10.068,12.457,7.1938,12.14,12.056,1.6147,14.135,4.29,7.214,13.923,12.723,10.956,11.64,11.198,16.686
11.173,11.139,6.4682,8.9558,7.4231,9.5989,9.1485,8.3744,7.3723,5.0721,5.5992,9.4841,9.7028,11.33,11.741,8.9644,11.913,12.076,3.9852,14.057,4.5395,7.9843,13.779,13.052,11.458,12.029,10.695,17.112
10.482,11.905,8.3787,9.1863,6.5581,9.8173,8.3148,9.2923,7.779,4.3124,6.434,10.005,10.666,10.693,12.078,7.4256,12.255,12.272,5.2337,13.987,7.1717,12.272,13.608,12.911,12.378,11.45,10.611,16.59
9.7051,10.955,5.7652,8.2905,6.6375,8.8485,9.3385,7.7589,7.4387,6.0598,8.9716,7.0489,11.403,7.9627,9.7332,6.1872,10.476,13.109,5.92,15.713,6.2663,9.0066,11.835,12.807,11.967,12.716,9.5398,16.289
10.812,11.298,7.8011,9.4295,6.0206,9.8793,8.3546,8.3297,7.0709,5.1604,5.3309,10.113,9.3148,10.509,11.841,8.4456,12.21,12.199,3.9614,14.724,4.0617,9.9885,13.849,13.283,12.262,11.561,10.636,16.046
8.3851,11.525,7.4372,9.0671,6.8436,9.6006,8.7017,7.5599,8.4835,4.5585,5.3932,10.007,9.6063,9.0863,12.59,8.6803,11.824,12.02,5.8939,14.715,6.3936,9.4006,13.127,11.961,10.704,12.182,10.579,15.654
9.3989,11.838,4.8537,9.1275,6.2108,9.953,9.0043,8.0828,6.6488,4.8122,6.7946,9.6945,8.6528,10.134,12.006,8.2786,12.416,11.681,4.6328,13.981,4.2527,8.0429,13.541,13.667,12.178,11.637,10.798,15.539
15.094,10.57,6.6936,8.5491,6.1391,8.8981,7.9269,8.4351,7.9748,4.9361,9.7051,9.6053,10.992,10.582,11.237,8.0757,12.229,11.875,5.6431,14.423,5.3527,7.8234,12.912,13.061,11.513,12.028,10.203,16.694
11.361,10.482,4.6606,8.2219,5.5089,8.6358,6.4881,7.6247,7.8939,6.4266,9.7299,8.2121,12.099,8.591,9.7872,5.85,9.5152,16.663,6.207,15.732,5.4433,9.8519,11.474,13.125,12.067,9.3505,10.432,14.869
6.7955,11.618,9.3208,9.281,6.7023,10.604,9.11,9.362,4.2884,7.0689,8.5651,10.13,8.5339,10.124,12.409,9.7002,12.24,11.67,3.3604,14.039,2.7642,11.077,7.1178,10.458,13.672,11.087,9.7898,12.972
13.479,10.949,9.4462,9.4307,7.7809,9.9347,8.3581,8.2968,5.8004,3.9934,3.8761,9.8863,8.1465,10.758,12.729,9.3002,12.543,11.953,5.0044,14.129,6.8196,9.9255,13.001,12.834,11.965,12.13,10.245,15.677
13.982,11.19,8.5979,9.0351,6.1203,9.8552,8.1326,8.4068,6.6544,4.0899,7.1006,9.5659,9.4549,10.001,12.437,8.3048,12.387,12.036,4.6463,14.199,9.8342,7.6789,14.303,12.881,12.202,11.515,10.87,16.264
11.071,10.967,7.1685,9.1902,6.5649,9.8048,7.6351,7.7103,6.6002,5.5077,7.7022,8.9821,9.8495,10.585,10.817,7.4647,12.201,11.932,5.0275,13.87,4.1205,9.749,13.737,13.854,12.515,11.905,10.485,16.186
12.379,10.69,7.0836,9.1675,6.7805,9.9206,8.8093,8.1792,6.8888,4.9818,5.871,9.0324,9.7069,9.1016,11.968,8.5808,11.759,11.948,4.275,14.525,7.1842,10.389,13.176,13.365,12.033,11.378,10.633,16.728
11.963,11.557,4.5641,9.78,5.9903,9.6504,8.0847,7.4307,5.9149,2.4102,8.7494,8.8235,11.045,9.8709,11.365,7.3849,12.252,12.504,5.599,14.396,8.3234,9.5871,13.739,13.09,12.637,11.993,10.099,15.582
9.3366,11.844,3.6872,9.2963,6.3434,9.5781,8.934,8.6687,7.3951,5.1153,6.4777,9.0916,10.554,8.4328,11.554,7.2049,11.8,11.951,5.0735,14.606,4.1564,8.0994,13.53,13.31,11.786,10.788,10.978,16.326
8.5801,12.049,7.6006,8.9815,6.3463,9.676,9.8758,7.72,6.6647,3.1396,6.7864,9.7071,9.8378,10.783,11.963,8.2665,12.16,13.056,4.1491,13.827,4.8532,7.8789,14.723,12.84,12.571,11.553,9.4757,17.866
12.16,10.925,9.0219,8.5828,7.901,9.5349,9.0217,8.3777,7.1021,5.4959,6.9544,9.69,10.324,10.686,11.5,8.1179,11.725,12.654,5.9029,14.117,5.6575,10.261,13.399,13.105,11.651,9.6522,9.0107,16.703
11.434,10.597,5.088,9.7144,4.5241,10.058,7.0848,7.7974,7.4681,4.4351,6.8647,9.425,9.142,9.6761,12.834,7.6765,11.757,11.506,3.742,14.274,7.3146,8.6778,13.472,12.396,11.628,10.072,11.227,15.536
11.429,10.971,7.3316,8.1187,6.6268,8.7665,9.4634,7.6288,7.4199,5.7978,6.4494,8.1705,11.655,8.7538,10.352,6.6814,10.324,13.114,6.6634,15.582,4.7907,6.5506,11.433,12.895,12.524,11.914,8.9775,16.402
10.13,11.9,4.973,9.4611,7.6021,10.24,10.157,8.2632,6.8043,5.7015,5.2449,9.6443,9.6146,10.377,11.713,8.498,12.673,11.388,4.7582,13.772,7.9826,7.6882,13.296,12.892,11.993,12.258,11.214,16.136
11.175,10.688,6.5236,8.7728,6.177,8.8907,10.101,8.4102,7.5717,5.5068,10.569,9.7436,10.148,9.8812,11.152,8.934,12.598,12.464,5.5709,14.124,5.5709,10.971,14.464,13.029,11.974,11.266,11.102,16.667
11.808,10.787,6.9553,9.3253,6.729,9.6682,8.243,7.5633,7.7493,5.6735,8.497,9.4357,9.7358,10.257,11.851,7.9259,11.721,12.865,4.8591,13.934,6.4274,6.2865,12.857,12.927,10.988,11.213,10.055,15.724
10.572,11.113,7.5688,8.8495,6.2543,9.619,9.1429,7.7034,7.3671,3.7424,6.8652,10.035,10.7,10.11,12.021,8.9642,11.86,12.848,4.1303,13.75,5.6592,9.0024,12.945,12.331,11.512,11.045,10.149,17.094
9.9411,11.328,5.7082,9.0087,5.3932,10.143,8.3628,8.8534,7.3446,5.3024,6.0246,9.4846,10.165,10.63,11.852,8.6703,12.128,16.305,3.6483,13.96,5.0466,8.6053,13.311,13.589,12.266,8.5619,10.306,16.313
10.375,11.209,7.0568,8.9986,5.98,9.905,9.4813,7.8683,3.9711,1.0904,7.0322,8.9234,8.9729,10.232,11.438,8.3796,11.673,12.908,2.1337,14.527,2.1337,8.3197,14.21,13.413,12.187,12.473,10.596,16.821
12.356,10.811,6.97,9.4173,6.7151,9.5551,8.1493,8.1816,6.9255,3.7751,5.1401,9.7118,9.5551,9.9691,11.826,8.0702,11.811,11.818,5.3341,14.608,5.288,10.192,13.311,13.429,11.711,12.804,10.496,15.161
11.357,11.49,7.525,9.0665,6.7055,9.9873,9.2357,8.0155,7.0283,3.9442,9.4452,9.5796,9.9031,10.747,12.098,8.3348,12.08,13.133,4.7639,14.151,5.183,8.3695,13.492,12.032,11.627,11.294,10.09,16.756
11.892,10.55,5.2482,8.7241,6.8637,9.5307,8.1782,6.3648,5.876,4.4412,8.3186,9.7097,8.1855,10.637,12.738,8.7688,11.992,12.609,3.8402,13.52,5.3033,4.6255,13.289,12.718,11.839,11.084,10.037,17.253
11.404,11.64,8.8048,9.2429,7.4997,9.6757,8.8012,8.2704,8.2654,5.9962,9.72,10.62,9.8015,10.103,12.509,8.7841,12.188,11.984,6.8179,13.803,8.0734,12.396,12.724,12.024,11.52,8.2094,9.5398,16.839
